n_grid,n_positive_diff,frac_positive_diff,diff_min,diff_median,diff_max
27,27,1.0,0.041053415683255046,0.09638481302076865,0.16421366273302018
