metric,fisher_p_all,fisher_p_R,fisher_p_NR,stouffer_Z_sep,stouffer_p_sep,median_obs_R,median_obs_NR,median_obs_per_edge_R,median_obs_per_edge_NR,median_obs_per_traceL_R,median_obs_per_traceL_NR
E_CYTO,8.859323521468086e-07,4.599386982848955e-08,0.5172999415356889,3.8818197434540225,0.00010367771800353584,11229.373610748878,962.5404157159336,0.5690702828369425,0.051944304332760614,0.28453514141847125,0.025972152166380307
E_B,8.799249649395392e-07,4.599386982848955e-08,0.5151443177070179,3.8423826826026293,0.00012184565976351227,30475.64668878584,168.2603105165273,1.2338129274156633,0.00900172857460557,0.6169064637078316,0.004500864287302785
E_TAM,4.94391352289713e-09,4.599386982848955e-08,0.006220930326395082,2.6360351880076447,0.00838810325593609,28233.876260793342,974.4903278517245,1.2457686286949765,0.05213408559018427,0.6228843143474883,0.026067042795092137
E_ENDO,1.831843257746583e-09,4.599386982848955e-08,0.0023572585220861106,2.3797667416437216,0.01732360003071449,11374.916055862233,958.3497665898881,0.6088463879207504,0.0512705845596987,0.3044231939603752,0.02563529227984935
E_CAF,1.3424834783654077e-09,4.599386982848955e-08,0.0017336934768262832,2.309209961119604,0.020931933083912252,15924.697635012186,714.7625855021704,0.7486950260107432,0.03823895706731063,0.3743475130053716,0.019119478533655317
