metric,n_loocv,frac_positive,median_diff,min_diff,max_diff
E_B,7,1.0,27459.123841831068,21876.55512775824,34940.53424686273
E_CAF,7,1.0,11226.086731446907,6544.2831433476185,16947.49746046032
E_CYTO,7,1.0,23398.867296077628,7515.8746529589225,29791.644618150858
E_ENDO,7,1.0,9300.016365164902,3093.7320104424316,14696.356211082362
E_TAM,7,1.0,31250.498087416046,21382.941663525682,38457.313074990125
