metric,diff_mean_R_minus_NR,p_perm
C_malig_caf,0.03822306057328985,0.026948652567371632
SICI,0.08210683136651006,0.1385930703464827
C_exh_cyto,0.0296057891389617,0.19789010549472527
C_exh_tam,-0.007550290227116296,0.6836158192090396
C_b_cyto,0.014277981654258514,0.7474126293685316
