n_settings,n_plus_positive,n_minus_positive,frac_minus_positive,diff_plus_min,diff_plus_max,diff_minus_min,diff_minus_max,median_rank_rho
27,27,21,0.7777777777777778,0.041053415683255046,0.16421366273302018,-0.03296105716414912,0.09019918988561601,0.7142857142857144
